word,count
of,1802
by,506
this,366
for,444
use,30
anyone,5
at,210
no,114
cost,4
and,1935
with,497
almost,9
restrictions,2
whatsoever,2
you,240
it,585
give,31
re-use,2
under,75
license,17
online,4
www,6
org,13
title,8
marriott,2
release,2
date,5
file,3
last,9
updated,2
language,6
start,3
widger,2
translated,3
florence,48
rd,2
from,234
to,2107
an,92
missions,1
european,3
courts,3
imprisoned,2
returned,8
san,18
died,38
nd,3
introduction,3
lawyer,1
repute,3
bartolommea,1
nelli,1
his,640
were,193
old,29
naturally,3
three,10
periods,2
enough,15
constitutes,1
distinct,2
important,7
history,9
youth,9
as,330
italian,15
power,42
lorenzo,6
de',6
il,9
magnifico,1
occurred,4
year,14
public,14
service,6
lasted,3
again,22
ruled,11
they,442
more,155
literary,17
activity,1
increasing,5
but,288
weeks,2
expulsion,2
without,79
-,25
although,46
little,36
days,14
so,213
well,55
known,15
environment,1
citizen,7
easily,19
described,3
currents,1
other,146
splendour-loving,1
have,390
slight,4
wielded,1
immense,4
gibe,1
where,43
cited,2
unarmed,9
prophet,1
end,21
medicean,3
appeared,15
gives,2
us,21
picture,1
among,31
whom,72
passed,12
freer,1
than,127
their,266
spent,3
idleness,1
women,5
chief,6
speak,16
could,74
wound,2
most,51
cleverly,1
wisest,1
letter,6
should,133
avail,4
leads,6
infer,1
own,95
occupied,12
me,33
especially,16
because,170
are,295
god,20
hope,15
good,71
man,79
willing,16
share,4
then,46
writing,6
new,75
patron,6
continues,1
will,205
turn,15
necessary,60
longer,17
excuse,6
illness,2
take,56
pains,1
letters,3
music,1
see,29
what,71
done,25
success,7
yourself,9
right,9
help,20
flourished,1
stated,5
return,13
serving,2
chancery,1
liberty,10
here,17
ground,4
took,22
part,25
affairs,39
decrees,1
statesmen,2
soldiers,54
fair,3
supplies,2
sources,1
characters,4
illustrate,3
first,62
catherina,2
forli,5
conduct,14
fate,3
moral,3
far,16
rely,12
ways,22
matter,10
vital,1
sent,40
xii,6
continuing,1
war,43
against,95
pisa,36
king,69
italy,58
five,13
capital,2
errors,5
summarized,1
dissolution,2
condition,3
support,14
vi,7
refer,1
urge,1
such,109
promises,5
written,12
concerning,30
faith,15
arising,2
ambitions,7
these,108
large,7
space,3
never,68
hesitates,1
cite,2
actions,24
benefit,2
usurpers,1
states,43
seized,14
find,32
insomuch,2
critics,1
yet,45
fact,6
type,2
rises,2
fortune,62
course,23
might,36
expected,6
prudent,8
eventualities,1
happens,11
abilities,8
fail,11
exclaims,1
fault,2
extraordinary,7
unforeseen,1
fatality,1
pius,1
iii,5
rome,33
election,4
successor,3
saw,16
cheated,1
allowing,3
choice,6
giuliano,7
delle,4
cardinals,4
says,3
thinks,2
cause,23
personages,3
forget,7
deceives,1
himself,126
did,81
rest,16
ruined,14
bologna,13
brought,25
issue,4
moralizes,1
between,19
rather,21
impossible,11
varying,2
controlled,1
spain,15
germany,4
results,3
our,35
day,15
actors,1
estimate,1
monarch's,1
alluded,1
painted,1
accomplished,5
reality,2
mercy,6
humanity,4
influenced,2
would,165
emperor,16
envoy,1
reveals,1
human,7
agencies,1
insisting,1
remaining,3
filled,3
league,3
powers,13
object,5
result,3
attained,3
battle,18
french,18
dictated,1
entire,2
policy,3
finally,4
holy,2
assistance,21
swiss,3
lay,7
submit,3
signal,4
friends,42
regaining,1
hoped,6
masters,5
dated,2
november,2
shortly,3
accused,1
abortive,1
question,8
torture,1
leo,5
retired,1
small,7
property,13
devoted,4
francesco,28
vettori,3
left,28
elucidates,1
methods,14
occupations,1
evening,1
being,135
come,34
entrance,1
pull,2
peasant-clothes,1
covered,2
dust,1
ancient,12
fed,1
food,2
mine,1
hesitate,5
ask,4
benignity,2
answer,6
feel,2
poverty,4
does,44
terrify,3
possessed,5
dante,1
knowledge,10
doth,1
learning,4
noted,5
gained,11
work,62
'principalities,1
myself,8
how,78
ever,20
dedicate,1
filippo,4
casavecchio,2
discourses,3
nevertheless,31
still,21
before,45
form,13
mental,1
composition,1
changed,4
unknown,3
dedicated,2
evidence,3
even,13
read,10
certainly,1
employment,2
plagiarized,1
text,2
disputable,1
fifteen,3
slept,1
nor,66
desire,14
reaped,1
experience,10
none,14
doubt,6
always,81
learn,9
honest,6
nature,16
got,6
discourse,4
titus,2
works,41
commission,2
granted,3
political,3
concessions,1
her,37
citizens,27
consulted,3
council,3
pretext,4
another,40
settle,3
difficulties,28
society,2
production,2
art,10
instance,4
write,5
task,3
popular,6
favour,23
determined,4
writer,1
observes,2
statesman,2
like,20
huge,1
overturn,1
ship,1
unless,22
empty,1
cask,1
presentation,1
become,36
clement,3
instruction,2
just,11
ruin,23
prisoner,4
charles,15
party,17
threw,3
yoke,1
banished,2
hoping,3
former,17
unhappily,1
taken,32
say,36
cenotaph,1
santa,2
side,21
famous,5
recognizing,4
found,50
germs,1
europe,2
protest,1
evil,12
signification,1
name,12
construction,1
sinister,2
recent,7
times,34
enabled,4
inquiries,1
unholy,1
long,41
haunted,1
undoubtedly,1
observation,2
industry,2
noting,1
eye,3
supreme,4
gift,3
account,10
enforced,2
retirement,1
present,20
contemporaries,2
rare,4
combination,1
appears,9
prosperous,1
embassies,2
overawed,1
barren,1
failed,2
soldiery,9
everybody,5
cowardice,4
compromising,1
connection,2
suspicion,3
recognized,6
set,21
state,85
weakness,3
failure,1
light,3
focused,1
problems,2
eternal,1
ethics,1
governments,4
material,3
forces,34
uses,2
consideration,6
maxims,1
furnish,1
bestrewn,1
proved,4
simplicity,2
greed,2
vices,5
laid,15
really,3
be--and,1
safe,5
least,6
dangerous,11
ones,14
then--to,1
plane--machiavelli,1
crimes,1
empire,22
glory,15
wars,6
resource,2
fight,16
inspiring,1
recognition,1
high,9
contributes,1
refused,2
otherwise,15
value,4
interest,2
truth,10
deals,1
translating,1
costs,3
literal,1
rendering,1
fluent,1
notions,1
style,1
expression,1
obliged,4
weigh,3
word,14
manner,5
nobly,2
serious,2
quis,1
eo,1
unquam,1
partiundis,1
explanandis,1
pressior,1
truly,2
assignable,1
shakespeare's,1
easy,14
genius,6
nearly,3
resembled,1
single,2
employed,5
senate,10
towards,18
weaker,3
correctly,1
rendered,4
contemporary,2
saying,11
entertained,3
achaeans,6
phrase,6
obsolete,2
ambiguous,1
unmeaning,1
etc,4
using,8
words,10
preserve,4
pithy,1
brevity,1
consistent,2
occasional,1
reach,7
author's,1
overlook,1
roughness,1
road,5
principal,4
trattare,1
popoli,1
della,10
ammazzare,2
vitelli,19
da,17
la,3
danaro,1
poem,2
ritratti,2
dell',2
alemagna,1
secondo,1
francia,1
discorsi,1
prima,1
t,1
vols,4
andria,1
mandragola,1
acts,3
clizia,1
belfagor,1
asino,1
arte,3
guerra,1
lo,1
stato,1
firenze,1
castracani,5
fiorentine,1
storici,1
poems,1
include,2
canzoni,1
canti,1
aldo,1
cambiagi,1
dei,2
milan,22
milanesi,1
l,1
lettere,1
excisions,1
credited,2
g,1
canestrini,1
ridolfi,1
intorno,1
libro,1
d,2
ferrara,6
dedication,1
magnificent,2
piero,4
delight,3
whence,5
often,19
sees,4
horses,5
cloth,1
gold,1
stones,3
anything,20
continual,2
antiquity,3
reflected,2
prolonged,1
diligence,2
send,15
volume,1
consider,23
trust,6
opportunity,33
shortest,1
learnt,3
troubles,9
embellished,1
swelling,1
allurements,1
adornments,1
wished,15
weightiness,1
regard,5
presumption,1
low,3
discuss,14
concerns,3
draw,4
landscapes,1
place,20
themselves,62
below,5
contemplate,2
needs,2
spirit,5
diligently,1
considered,40
extreme,3
attain,5
attributes,1
promise,3
eyes,3
regions,1
suffer,1
chapter,27
principalities,27
means,23
established,10
kingdom,31
naples,19
dominions,7
live,18
freedom,5
leave,21
length,7
doing,10
preserved,5
fewer,2
customs,4
deal,2
circumstances,8
arise,10
maintain,11
usurper,3
regain,1
attacks,4
venetians,24
necessity,11
offend,8
loved,14
disposed,4
memories,1
toothing,1
mixed,5
member,2
collectively,2
called,24
composite,2
changes,8
inherent,1
induces,1
up,55
rules,15
afterwards,40
follows,11
natural,8
burden,1
hardships,4
acquisition,7
enemies,23
injured,6
bound,8
entering,4
goodwill,11
reasons,22
twelfth,1
needed,3
finding,6
future,7
endure,5
true,12
provinces,3
reluctance,1
rebellion,7
delinquents,1
clear,5
strengthen,2
weakest,2
lose,14
raise,4
borders,1
whole,18
world,10
armies,16
moro,1
married,7
d'este,1
general,10
remains,7
situation,2
securely,6
added,5
acquires,2
country,45
easier,3
self-government,2
ruling,2
peoples,2
normandy,1
amongst,8
bear,4
lord,18
extinguished,3
taxes,3
short,16
differing,2
energy,5
helps,1
reside,4
turk,10
notwithstanding,8
settled,5
spot,1
spring,1
remedy,7
pillaged,2
officials,2
wishing,18
love,7
attack,26
outside,11
resides,1
wrested,2
keys,1
number,12
cavalry,24
infantry,31
spend,2
offends,2
lands,2
houses,5
poor,8
uninjured,1
quiet,7
err,2
happen,7
despoiled,3
conclusion,6
remark,2
treated,4
avenge,2
injury,3
kind,9
stand,16
garrison,3
income,1
turns,3
exasperated,1
hostile,19
useless,6
colony,1
useful,7
holds,2
defender,1
powerful,21
weaken,1
accident,1
footing,3
introduced,1
excess,1
ambition,8
romans,19
obtained,10
enters,1
respect,3
rally,2
too,16
authority,22
remain,12
manage,4
business,5
endless,5
closely,3
strength,14
allow,7
humbled,1
antiochus,5
merits,1
secured,3
agree,11
lordship,1
prepare,4
approach,3
medicine,1
malady,2
incurable,1
hectic,2
becomes,8
redressed,1
grow,2
avoid,20
knew,15
advantage,12
mouths,2
benefits,8
time--but,1
drives,1
everything,18
inquire,2
divers,1
father,18
lombardy,17
blame,7
door,5
charles--he,1
accept,3
mistakes,1
marquess,1
bentivogli,10
faenza,3
pesaro,1
rimini,2
camerino,1
piombino,2
sienese--everybody,1
friend,12
realize,1
rashness,1
towns,10
two-thirds,1
protected,2
numerous,3
sooner,5
assisting,1
romagna,16
depriving,2
lap,1
adding,2
temporal,6
giving,9
prime,3
error,2
tuscany,14
arbiter,3
shelter,3
pensioner,1
drive,10
divided,9
increased,5
lived,12
steps,3
consented,4
courage,14
blunder,1
perpetrated,1
deferred,3
disadvantage,2
pledge,2
exchange,1
rouen,6
reply,7
divorced,1
xi,3
anne,1
widow,3
duchy,7
crown,2
archbishop,2
georges,1
miracle,1
nantes,1
observing,3
replied,5
about,32
iv,1
conquered,15
rebel,3
newly,3
asia,3
scarcely,4
govern,7
barons,7
dignity,5
blood,4
superior,2
examples,15
monarchy,1
sanjaks,1
sends,1
administrators,1
placed,7
acknowledged,3
prerogatives,1
ease,11
assisted,4
revolt,3
around,10
slaves,1
bondmen,1
corrupted,4
united,18
routed,4
field,7
nothing,27
exterminated,6
conqueror,4
enter,4
unable,8
brings,4
overthrow,3
rebellions,1
memory,11
endured,3
insecure,3
continuance,1
possessors,1
according,11
assumed,2
occasioned,1
permit,4
drawing,1
tribute,2
establishing,2
spartans,4
thebes,1
capua,3
numantia,1
dismantled,1
making,9
permitting,1
succeed,5
privileges,3
rallying,1
dispersed,4
bondage,2
obey,6
vitality,1
safest,1
one's,6
speaking,7
walking,1
paths,2
imitation,3
savour,1
clever,2
archers,1
designing,1
mark,4
distant,9
knowing,10
attains,2
arrow,1
height,3
station,5
presupposes,1
degree,7
relied,5
further,15
moses,6
theseus,4
executor,1
founded,5
examining,2
beyond,9
mould,1
best,8
israel,2
egypt,1
enslaved,2
oppressed,10
alba,1
birth,5
founder,1
fatherland,2
medes,3
fortunate,2
whereby,2
rise,9
introduce,2
establish,3
perilous,1
uncertain,2
lead,4
lukewarm,2
defenders,1
partly,10
opponents,2
believe,14
defend,20
lukewarmly,1
endangered,2
prophets,1
persuade,1
long--as,1
happened,16
fra,3
girolamo,2
multitude,2
believed,8
consummating,1
ascent,2
overcome,11
envied,1
begin,2
continue,1
add,1
lesser,3
suffice,2
hiero,3
syracusan,2
rose,5
syracuse,5
owe,2
chose,1
captain,13
rewarded,3
organized,5
alliances,2
allies,5
foundations,13
b,11
c,13
ionia,1
hellespont,1
emperors,8
worth,2
rapidly,5
correspondencies,2
fixed,7
storm,2
laps,1
radici,1
sixteenth,1
thousand,33
anxieties,2
decline,3
measure,6
bianca,2
visconti,7
elevation,2
agent,2
led,6
sinigalia,21
chiefs,2
proceedings,1
nello,1
appended,1
dispositions,1
aggrandize,2
immediate,4
rob,3
consent,4
aggrandizement,2
namely,3
colonnesi,6
behoved,1
embroil,1
inclined,7
back,12
oppose,4
while,7
advance,4
loyal,2
feared,13
hinder,3
winning,3
warning,1
attacking,2
unwillingly,1
learned,3
urbino,10
undertaking,2
luck,2
parties,8
gentlemen,7
pay,5
rank,4
honouring,2
months,2
attachment,1
turned,20
colonna,2
used,13
magione,3
perugia,4
sprung,2
overcame,1
trusting,3
wiles,1
conceal,1
signor,3
horses--the,1
leaders,6
imitated,4
plundered,1
disunion,1
union,2
full,23
robbery,3
violence,6
ramiro,4
advisable,2
confer,3
president,1
advocates,1
past,4
severity,1
show,18
practised,3
sternness,1
pretence,1
piazza,1
dismayed,1
started,2
proceed,4
conquest,1
aware,2
began,10
seek,5
expedition,4
spaniards,6
besieging,2
gaeta,1
line,5
families,5
secondly,1
thirdly,1
die,7
resist,9
dispossessed,1
buy,1
siena,4
prospering,1
depended,1
consolidated,1
air,1
month,1
alive,4
elected,10
sound,2
anticipated,1
august,1
recalled,3
far-reaching,1
sickness,1
frustrated,1
fraud,2
revered,4
magnanimous,1
giorgio,7
latter,16
erred,1
ultimate,1
riario,1
manifest,4
silent,2
copiously,1
wicked,4
fellow-citizens,2
method,5
illustrated,1
sicilian,2
potter,1
infamous,1
accompanied,4
infamies,1
profession,5
praetor,1
resolved,5
conceded,1
assent,1
army,50
relating,1
richest,1
commotion,1
twice,1
besieged,3
step,2
perils,3
boldly,2
hazardous,2
talent,1
slay,1
overcoming,3
barbarous,3
maternal,1
giovanni,19
pagolo,25
trained,1
fought,6
brother,5
endowed,1
vigorous,2
paltry,1
dearer,1
vitelleschi,1
horsemen,15
entreated,1
attentions,1
nephew,2
lodged,1
banquet,3
artfully,1
certain,11
enterprises,9
answered,12
betook,1
whither,1
issued,2
slaughtered,1
murders,3
mounted,2
rode,3
magistrate,1
palace,2
formidable,2
overreached,1
strangled,3
cruelties,5
doubtful,6
applied,1
blow,3
commencement,2
mr,5
burd,3
suggests,1
probably,1
comes,12
speaks,1
crudelta,1
obvious,1
repeat,2
unsettling,1
reassure,3
advice,4
repeated,2
tasted,1
point--where,1
citizens--this,1
altogether,5
shrewdness,1
nobles,24
oppress,2
desires,4
shadow,1
vent,2
obtains,1
reaches,2
righteous,1
abandonment,1
astute,1
prevail,2
looked,1
binds,1
bind,5
opposition,2
receive,9
affections,1
vary,1
sustained,3
victorious,2
proverb,2
mud,2
magistrates,3
scali,2
resolution,1
keeps,3
sparta,2
event,2
liable,3
personally,4
rests,1
magistracy,1
intrigue,1
defiance,1
amid,3
exercise,7
orders,6
sort,2
enemy,38
sheltering,1
behind,2
recur,1
encourage,4
provision,4
whoever,7
assault,1
depots,1
eating,2
drinking,1
firing,1
labours,2
pursuit,1
supported,1
uphold,1
disgrace,3
burnt,2
self-interest,1
courageous,2
spirits,2
ready,13
cooled,1
damage,5
incurred,1
unite,5
ecclesiastical,3
touching,1
getting,2
unguarded,1
upheld,1
presumptuous,2
backwards,1
though,5
valued,4
slightly--yet,1
trembles,1
venetians--although,1
recall,7
dominion,6
territory,4
restrain,1
disorder,2
standing,2
pontificate,3
powerless,1
sixtus,1
wisdom,10
rid,2
invaded,2
showed,6
entry,1
contributed,3
possessing,2
improved,1
prospered,2
foster,2
prelates,1
venerated,1
goodness,2
virtues,5
discoursed,1
particularly,4
characteristics,3
proposed,1
defends,1
cowardly,3
attraction,1
stipend,1
foe,1
prove,3
display,2
sins,4
related,3
penalty,1
gesso,1
refers,1
implying,1
quartermasters,1
conquer,8
cf,4
realm,2
felicity,1
dream,1
lodgings,1
swords,1
demonstrate,1
captains,15
intentions,3
skilful,1
resorted,1
duty,2
satisfactorily,1
sway,1
macedon,3
milanese,2
caravaggio,2
engaged,4
queen,1
unprotected,1
extended,1
opposed,2
elsewhere,3
discretion,5
ago,1
renown,7
resisting,1
achievements,3
acted,2
safely,1
gloriously,1
plebians,1
land,5
expanded,1
carmignuola,2
murder,2
bartolomeo,2
bergamo,2
roberto,2
delayed,2
losses,1
sudden,1
portentous,1
knight,1
sir,2
knighted,1
troops,5
white,1
hedingham,1
bussone,1
colleoni,1
austria,1
italia,1
seriously,1
repudiated,1
favouring,3
fell,6
priests,1
alberigo,2
romagnian,2
school,1
arbiters,1
ravaged,1
insulted,1
guided,1
twenty,6
foot,6
killing,3
fray,1
garrisons,1
camp,3
stockade,1
ditch,1
campaign,2
alberico,1
xiii,1
arm,3
proof,3
stipulated,1
undone,1
captive,2
histories,3
fruit,1
ravenna,2
conquerors,2
constantinople,1
servitude,1
assume,2
dastardy,1
deeming,3
reliable,3
discerning,1
highly,4
unwilling,1
condottieri,1
cut,4
pieces,1
aliens,1
offered,3
saul,2
champion,1
rejected,2
sling,1
fast,2
seventh,1
eleventh,1
liberated,1
men-at-arms,6
diminished,2
unconquerable,1
ordinance,1
enlarged,1
scanty,1
hidden,1
disaster,1
examined,2
goths,1
vigour,2
speakers,1
debate,1
lamentable,1
existence,1
allegations,1
weight,2
mall,1
gazette,1
select,2
sole,1
upholds,1
enables,2
martial,1
avoiding,3
dukes,1
persons,2
despised,10
ignominies,1
proportionate,1
disdain,2
addict,1
learns,2
something,4
valleys,2
understands,2
hills,1
lacks,2
essential,2
possess,4
array,2
philopoemen,2
writers,3
commended,1
retreat,3
forth,11
chances,3
befall,1
listen,4
confirming,1
greeks,1
victories,2
defeat,7
achilles,2
caesar,6
scipio,7
chastity,1
affability,1
liberality,16
observe,6
available,3
blows,3
xv,1
mentioning,1
depart,2
appropriate,2
effects,1
preservation,1
professions,1
destroys,1
wrong,2
putting,3
imaginary,1
reputed,4
miserly,3
tuscan,2
term,1
avaricious,2
generous,2
affable,1
haughty,1
frivolous,2
confess,1
praiseworthy,2
reproach,11
hesitation,2
abandon,2
uneasy,1
incurring,1
saved,3
vice,2
meanness,4
above-named,4
exercised,2
attribute,1
tax,8
offended,2
imperilled,1
runs,2
mean,4
burdening,1
numberless,1
reaching,3
imposing,1
supplied,2
thriftiness,1
positions,2
pre-eminent,1
survived,2
moderated,1
subjects',2
sparing,2
pillage,1
giver,1
wiser,1
seeking,4
incur,1
rapacity,2
begets,1
xvii,1
robberies,1
originate,1
rioting,1
cancellieri,1
panciatichi,1
virgil,1
mouth,2
dido,1
reign,2
res,1
et,2
regni,1
fines,1
incautious,1
unsettled,3
infant,2
bid,1
pow'rs,1
safer,3
dispensed,1
asserted,1
covetous,1
children,5
relying,1
neglected,3
scruple,1
offending,2
baseness,2
inspire,1
abstains,1
justification,1
wanting,4
control,4
disregard,1
duties,1
wonderful,3
races,3
inhuman,1
terrible,3
sight,4
produce,2
short-sighted,1
admire,1
view,2
condemn,1
forbearance,1
upbraided,1
maximus,1
locrians,1
waste,1
legate,4
concealed,2
portion,3
p,4
admits,1
contesting,2
law,3
beasts,2
figuratively,1
taught,2
centaur,1
teacher,1
lion,6
snares,2
discover,4
precept,2
treaties,1
striving,1
points,2
officiis,1
cum,1
duo,1
genera,1
decertandi,1
per,2
alterum,1
illud,1
beluarum,1
confugiendum,1
est,1
posterius,1
non,3
superiore,1
pretender,1
dissembler,2
affirm,1
deceits,1
sempre,1
gli,2
humane,3
upright,2
require,2
diverge,1
fede,5
tutto,2
noteworthy,2
edition,2
sanction,1
signify,1
indifferently,1
designate,1
heresy,1
south,1
sermon,1
comments,1
helpful,1
pernicious,1
lets,1
slip,1
lips,1
hears,1
quality,1
judges,1
conquering,2
seems,3
preaches,1
mention,2
ferdinand's,1
xix,1
briefly,2
generality,1
contemptible,3
violator,1
touched,2
contend,1
irrevocable,1
round,4
fears,2
disturbed,5
carried,5
despair,1
spartan,1
conspire,2
efficacious,1
confront,1
denouncing,1
obstinate,2
jealousy,2
plot,1
fathers,2
annibale,3
murdered,5
canneschi,2
childhood,1
assassination,1
bolognese,1
information,9
blacksmith,1
reckon,1
objects,1
parliament,1
bit,2
management,1
cherish,1
perhaps,4
soul,5
marcus,8
philosopher,2
maximinus,6
commodus,5
pertinax,6
julian,4
severus,9
caracalla,3
contended,1
avarice,1
beset,1
unaspiring,1
humours,2
caring,1
injuring,1
inexperience,1
modest,2
lovers,1
benignant,1
sad,1
nobles--you,1
harm,1
accorded,1
reigned,1
successfully,1
respectful,1
persuaded,4
sclavonia,1
asiatic,1
west,2
aspired,1
declare,4
colleague,1
oriental,1
ingratitude,2
conceived,2
despiser,1
delicate,1
luxuries,1
ferocity,2
alexandria,1
extent,2
such-like,1
desperate,1
careful,2
employs,1
contumeliously,1
bodyguard,1
brutal,1
corrupting,1
compete,1
gladiators,1
imperial,4
disgusted,3
effeminacy,1
thrace,1
accession,1
going,4
seat,4
anger,2
aquileia,1
inordinate,1
indulgence,2
veterans,1
soldan,3
aside,1
heirs,1
acting,3
likewise,1
utterly,3
destructive,1
disarmed,4
distracted,2
fostered,3
enmities,1
built,2
admit,1
arming,2
benefited,1
handled,1
reward,1
opinions,4
distributed,5
reckoned,1
fallacious,1
obstacles,1
mount,2
ladder,1
trusted,5
petrucci,3
cancel,1
profit,3
discontent,1
favourable,1
encouraged,4
bridle,1
demolish,1
castello,1
castle,12
hate,1
consort,1
recover,3
posture,1
cares,3
catherine,2
galeazzo,1
fortunati,2
announces,1
sylvester,1
xxi,1
foremost,1
christendom,1
castile,1
thinking,5
anticipating,1
innovations,1
sustain,2
distinguished,3
plea,2
pious,1
moors,1
suspense,1
admiration,1
steadily,1
assists,1
unusual,1
internal,2
milano,1
punishing,1
declares,2
neutral,4
invariably,1
loses,2
harbour,1
interfere,1
guerdon,1
entreat,1
path,2
victor,2
indebted,2
bond,1
amity,1
shameless,1
monument,1
companions,3
running,2
callings,1
peaceably,1
agriculture,1
lest,6
spectacles,1
convenient,1
guilds,4
courtesy,1
arti,2
o,1
tribu,2
edgcumbe,1
staley,1
methuen,1
mackenzie,1
wallace's,1
working,3
season,1
larger,2
artels,1
kind--,1
permanent,2
associations,1
pecuniarily,1
responsible,1
aylmer,1
maude,1
ars,1
admitted,3
rota,1
underlying,1
possibly,2
gentile,1
groups,1
descent,1
sects,1
antonio,14
classes,1
comprehended,1
initiative,1
inwardly,1
xxiii,1
branch,1
pest,1
falling,1
letting,2
conclusions,1
separately,1
luca,2
practice,1
communicate,1
obstructed,1
pliant,1
diverted,1
mary,1
offering,2
asks,1
constant,2
advisers,1
axiom,1
inexperienced,1
counsels,3
inferred,1
previous,2
seigniors,1
absence,3
defects,3
years',1
defending,1
restore,3
xxv,1
labour,1
conjecture,1
extinguish,1
older,1
convinced,1
three-quarters,1
sorel's,1
compare,1
overflows,1
sweeping,1
buildings,1
flies,1
weather,1
waters,3
canal,1
unrestrained,1
constrain,1
invasion,1
to-morrow,1
accord,1
succeeds,1
equally,1
conform,2
differently,1
governs,1
converge,1
deviate,1
adventurous,3
impetuously,1
move,4
deviated,1
unsuccessful,1
woman,2
coldly,1
violent,1
audacity,1
exhortation,1
barbarians,1
wondering,2
virtuous,1
concur,1
fit,1
hebrews,1
torn,1
desolation,1
waits,1
ravaging,1
cleanse,1
sores,1
entreats,1
deliver,2
insolencies,1
banner,1
extraordinarily,1
cloud,1
poured,2
water,5
manna,1
revolutions,1
dignified,1
limbs,1
attentively,1
duels,1
combats,1
dexterity,2
subtlety,1
comparison,1
insufficiency,1
mestri,2
battles,1
singly,1
commanded,5
spanish,3
combat,2
german,4
tactics,2
helpless,1
dashed,1
infantries,1
improvements,1
scourings,1
thirst,1
closed,1
homage,1
stinks,1
charge,9
standard,1
auspices,1
petrarch,1
virtu,1
al,1
furore,1
prendera,1
fia,1
corto,1
valore,1
italici,1
ancor,1
th',2
brests,1
murdering,1
calumnies,1
arezzo,2
val,5
arrived,4
district,2
gianpagolo,1
promising,1
encouragement,2
effecting,2
fortifying,1
causing,1
timber,1
beams,1
bridge,4
prevented,1
inside,1
thence,5
capture,3
fort,2
beg,1
negotiate,3
approached,3
fossombrone,1
perfect,1
practices,1
insurgents,1
separate,1
outwit,1
ducats,1
expeditions,1
surrendered,3
exhorted,1
suspicions,1
mons,1
middle,2
fano,5
cleverness,1
pointing,1
lack,1
sincerity,1
permanency,1
councils,1
gifts,2
followers,2
don,3
michele,4
d'euna,1
duke's,3
footmen,1
daybreak,1
river,22
cavalcade,1
situate,1
shore,2
bathes,1
looking,2
bank,4
distance,2
arrives,1
abreast,1
gate,6
stands,1
six,2
room,3
band,2
fifty,1
quartered,1
suburb,1
wheeled,1
stopping,1
mules,1
vitellozo,1
wearing,1
cape,1
lined,2
green,1
approaching,1
parting,1
recommended,1
respectfully,1
commissioned,2
noticing,2
missing--for,1
drilling,1
dismounted,1
stripped,1
vitellian,1
repressed,1
outrage,1
sacked,1
prayed,2
pardon,2
cringed,1
january,1
pieve,1
dearest,1
performed,2
exposed,3
shame,1
relate,1
tales,1
lowly,1
desirous,3
indications,1
fallen,1
dying,1
marry,1
vineyard,2
resided,4
bounded,1
sides,4
access,11
occasion,1
gather,1
dinner,1
direction,3
lying,1
enveloped,1
compassion,1
lifted,1
washed,1
clean,1
customary,1
reared,1
baptized,1
handsome,1
quickness,1
lessons,1
imparted,1
inducted,1
canonry,1
benefices,1
unfitted,1
chiding,1
reading,2
playing,1
mighty,1
sorrow,1
gentleman,4
guinigi,13
podesta,1
finest,1
greatly,5
bringing,1
asked,10
hear,4
blushing,1
priestly,1
delighted,1
lad,1
astonishing,1
charger,1
jousts,1
enhanced,1
charm,1
deferential,1
courteous,2
eighteenth,1
ghibellines,7
guelphs,7
ample,1
estimation,3
arts,2
thirteen,1
son's,1
enormously,1
amount,2
universal,1
seeds,1
eminence,1
scorn,1
deputy,3
uguccione,22
faggiuola,2
communications,3
portcullis,1
calling,1
forcing,1
supporters,2
headquarters,1
absorbed,1
nievole,4
pescia,3
skirmishes,1
cured,1
insolent,1
evidences,2
emboldened,1
noticed,1
lines,1
defy,1
squadrons,1
contact,5
center,1
interval,1
expedient,1
castruccio's,6
enemy's,2
efficient,1
disengaged,1
displaying,5
heavy,1
officers,1
knights,1
onset,1
pier,1
agnolo,1
micheli,1
murderer,3
sergeants,1
neri,4
supper,2
incensed,2
baths,1
occurrences,1
openly,1
squares,1
streets,2
released,2
gathered,2
discreetly,1
recovery,1
serezzana,1
constructed,1
massa,1
pontremoli,1
anastagio,1
welcomed,2
defer,1
pazzino,1
portico,1
cecco,1
bavaria,1
lieutenant,2
constrained,1
exiles,2
matteo,4
guidi,2
lapo,1
uberti,1
buonaccorsi,1
enrolled,1
summon,1
fucecchio,5
elevate,1
intervened,1
mediator,1
begged,2
graciously,1
responded,1
inception,1
thanked,1
recovered,1
weary,1
pretences,1
towers,1
hunted,1
worked,2
gia,2
midnight,2
faction,1
debts,1
flocked,1
disturbances,1
dearness,1
avignon,1
apply,2
ceased,1
corn,1
removed,3
chastised,2
admonished,1
pomp,1
brocaded,1
toga,1
embroidered,1
wills,1
pistoians,4
baldo,1
cecchi,1
pistoian,1
florentines',1
hesitated,1
overwhelmed,1
numbers,2
situated,1
blocks,1
bowshot,1
narrow,2
steep,2
manfred,2
unclaimed,1
either--neither,1
displace,1
intimate,2
resident,1
persist,1
encampment,1
meantime,1
marching,1
main,2
noise,2
inextricably,1
stout,1
rear,3
strike,1
infantrymen,2
dispatched,1
flank,1
spread,2
bandini,1
rossi,1
brunelleschi,1
tuscans,1
occupying,1
prato,1
arno,6
peretola,1
feasts,2
medals,1
commemoration,1
participators,1
maintenance,1
relieved,1
paucity,1
betrayal,1
banishment,1
disaffected,1
reorganize,1
cavalry--having,1
latter--a,1
likely,1
surrender,1
lastra,1
signa,1
believing,1
surrounding,1
hazard,1
banks,5
weighed,1
fordable,1
saddles,1
impeded,1
crossed,1
landing,1
tremendous,1
sharp,2
pressing,1
conflict,1
wounded,1
pushed,1
cleared,1
battlefield,1
tired,1
reserves,1
defensive,1
adversaries,1
remainder,1
michelagnolo,1
albizzi,1
commissioners,1
envious,2
prosecution,1
thick,1
overheated,1
thank,1
retrieve,1
wind,1
midday,1
unhealthy,1
chill,1
doctors,2
addressed,1
successes,1
thee,16
smaller,2
peacefully,1
surer,1
insists,1
thou,22
hast,9
thy,9
boy--a,1
feel--and,1
availing,1
shouldst,2
subjection,1
eaten,1
hail,1
thine,1
latest,1
inducement,1
advantages,1
life-work,1
recommending,1
swear,1
obsequies,1
mourning,1
buried,2
great-grandson,1
displeased,1
hair,1
red,1
wore,1
ears,2
hat,1
subdue,1
bolder,1
wonderfully,1
biting,1
occasions,1
ducat,2
penny,1
flatterer,2
fisherman,1
wetted,1
spittle,1
catch,1
fare,1
saints,1
blush,1
goest,2
curiously,1
tied,1
undo,1
untie,1
fasten,1
dogs,1
leghorn,1
dost,2
boast,1
bragged,1
intoxicated,1
ox,1
dainty,1
bernardi,1
splendid,1
silk,1
paved,1
colouring,1
saliva,1
dancing,1
listening,1
knees,1
downward,1
travelled,1
request,2
wearied,1
husbands,2
laughed,1
nose,1
helmet,1
raising,1
buying,1
earthen,1
vase,1
upside,1
friar,1
strange,1
lazerone,1
paradise,1
hungry,1
lace,1
pray,1
feed,1
latin,1
owner,6
ambassador,2
dispute,1
suggest,1
recount,1
stories,1
weighty,1
manacles,1
residence,1
doubtless,1
txt,1
zip,1
one--the,1
domain,8
paying,2
gutenberg-tm,56
electronic,27
trademark,11
registered,2
ebooks,7
copies,7
derivative,3
reports,1
performances,1
redistribution,2
promoting,2
distribution,6
comply,6
intellectual,2
abide,1
obtaining,2
refund,10
pglaf,8
claim,1
representations,1
sentence,2
prominently,2
accessed,1
displayed,1
viewed,1
copied,2
derived,1
contain,2
holder,4
charges,1
providing,4
requirements,4
linked,1
unlink,1
detach,1
redistribute,1
binary,1
nonproprietary,1
proprietary,1
hypertext,1
vanilla,2
version,1
web,6
user,3
exporting,1
specified,2
royalty,3
profits,1
periodic,1
returns,1
notifies,1
receipt,2
physical,2
discontinue,1
group,1
identify,1
transcribe,1
efforts,3
stored,1
incomplete,1
infringement,1
defective,3
disk,1
virus,1
codes,1
equipment,3
warranty,2
strict,1
breach,2
contract,1
distributor,1
punitive,1
incidental,1
possibility,1
receiving,1
lieu,2
electronically,2
'as-is',1
implied,2
fitness,1
disclaimers,1
violates,1
maximum,1
invalidity,1
provisions,1
indemnity,1
indemnify,1
employee,1
indirectly,1
alteration,1
modification,1
synonymous,1
widest,2
variety,1
computers,2
hundreds,1
walks,1
financial,1
generations,2
sections,1
page,2
exempt,2
revenue,1
foundation's,3
ein,1
fundraising,1
contributions,2
melan,1
fairbanks,1
north,1
salt,1
ut,1
gregory,1
executive,1
depends,1
survive,1
machine,1
accessible,1
regulating,1
charities,1
solicit,2
solicitation,1
accepting,1
unsolicited,1
international,1
gratefully,1
staff,1
donation,1
addresses,1
checks,1
card,1
library,1
shared,1
network,1
paper,1
